title,type,length_bytes,total_links_out,pageviews_12mo
Gestalt theoretical psychotherapy,therapy,20260,32,1768
Cognitive behavioral therapy for insomnia,therapy,45700,68,25928
Analytical psychology,therapy,106475,221,130420
Re-evaluation counseling,therapy,14454,23,4597
Existential therapy,therapy,52079,112,43872
Prolonged exposure therapy,therapy,16174,15,10483
Couples therapy,therapy,37821,114,25230
Reality therapy,therapy,25376,37,12082
Ego-state therapy,therapy,5901,36,9107
Acceptance and commitment therapy,therapy,48797,75,111638
Compassion-focused therapy,therapy,23472,14,16625
Emotional Freedom Techniques,therapy,18085,32,48184
Expressive therapies,therapy,32059,42,5643
Somatic experiencing,therapy,31451,50,69509
Hypnotherapy,therapy,45737,75,68604
Heimler method of human social functioning,therapy,19953,32,1177
Multimodal therapy,therapy,7347,15,4931
Reminiscence therapy,therapy,47141,33,6559
Thought Field Therapy,therapy,16866,30,9783
Parent-infant psychotherapy,therapy,29021,29,774
Play therapy,therapy,83868,113,12003
T-groups,therapy,12958,32,9668
Strategic Family Therapy,therapy,5084,11,3119
School-based family counseling,therapy,60710,47,920
Daseinsanalysis,therapy,15130,30,7346
Hagiotherapy,therapy,1386,7,1132
Gestalt therapy,therapy,53873,96,100866
Insight-oriented psychotherapy,therapy,11427,18,3286
Therapeutic community,therapy,22345,61,6473
Process-oriented psychology,therapy,45745,43,6830
Integrative milieu model,therapy,5005,10,441
Family therapy,therapy,56464,242,29129
Motivational interviewing,therapy,56636,23,30667
Rational emotive behavior therapy,therapy,43218,114,47279
Online counseling,therapy,37782,35,3588
Bibliotherapy,therapy,46356,57,15123
Focusing (psychotherapy),therapy,11842,18,18672
Integrative psychotherapy,therapy,19728,55,10104
Schema therapy,therapy,32033,61,93283
Individual psychology,therapy,15651,20,33502
Parent–child interaction therapy,therapy,43685,26,5215
Interpersonal psychoanalysis,therapy,4467,22,3029
Writing therapy,therapy,41839,52,11833
Motivational enhancement therapy,therapy,13431,13,4710
Functional analytic psychotherapy,therapy,22036,32,7266
Emotionally focused therapy,therapy,102668,104,33431
Institutional psychotherapy,therapy,4683,28,4651
Trauma focused cognitive behavioral therapy,therapy,31732,19,8899
Dreamwork,therapy,11258,30,17139
Yoga as therapy,therapy,33825,125,7489
Dance therapy,therapy,29248,40,5879
Parent management training,therapy,30742,22,8258
Sensory integration therapy,therapy,16673,26,9453
Interpersonal reconstructive therapy,therapy,4217,10,1065
Body-focused repetitive behavior,disorder,11925,29,35815
Mindfulness-based stress reduction,therapy,55252,51,58465
Collaborative therapy,therapy,7846,29,1433
Mode deactivation therapy,therapy,18834,27,2012
Psychosynthesis,therapy,69630,49,51768
Dyadic developmental psychotherapy,therapy,28517,21,3669
Psychoanalysis,therapy,172555,345,253073
Body psychotherapy,therapy,20818,30,14158
Co-counselling,therapy,10633,32,4789
Morita therapy,therapy,12413,19,12755
Group psychotherapy,therapy,30385,80,8370
Transactional analysis,therapy,28401,60,72062
Pulsing (bodywork),therapy,4106,6,1191
Systematic desensitization,therapy,32013,35,18254
Behavior modification,therapy,30098,47,33146
Internal Family Systems Model,therapy,31234,118,162618
Relational-cultural therapy,therapy,4669,16,5317
Cognitive therapy,therapy,26375,56,27157
Narrative therapy,therapy,25299,29,21391
Nouthetic counseling,therapy,14185,28,7019
Postural Integration,therapy,6135,30,1532
Brainspotting,therapy,10544,34,18618
Association splitting,therapy,5004,5,926
Attack therapy,therapy,17154,39,42042
Logotherapy,therapy,38949,54,125131
Structural family therapy,therapy,12235,20,9781
Spiritual self-schema therapy,therapy,5252,8,586
Multitheoretical psychotherapy,therapy,3854,9,706
Wilderness therapy,therapy,8456,32,54793
Hakomi,therapy,7732,22,9714
Drama therapy,therapy,22734,39,6736
Supportive psychotherapy,therapy,24444,49,4438
Eye movement desensitization and reprocessing,therapy,36526,46,229774
Cognitive analytic therapy,therapy,24602,42,7526
Behavioral activation,therapy,20187,26,13681
Child psychotherapy,therapy,19154,21,2396
Conversion therapy,therapy,86927,183,407645
Aversion therapy,therapy,10313,6,39474
Interpersonal psychotherapy,therapy,27474,38,14141
Attachment-based therapy,therapy,74519,80,4662
Clean language,therapy,16846,25,6309
Nude psychotherapy,therapy,8623,14,8813
Rolfing,therapy,28128,35,67178
Developmental needs meeting strategy,therapy,11566,17,2748
Metacognitive therapy,therapy,16795,24,20834
Psychedelic therapy,therapy,111770,177,56027
Eastern Orthodox psychotherapy,therapy,3009,4,893
Sexual trauma therapy,therapy,27241,57,3684
Attachment-based psychotherapy,therapy,8562,12,2955
Evolutionary Systems Therapy,therapy,16958,18,442
Sex therapy,therapy,19216,77,48844
Immersion therapy,therapy,10665,8,5231
Cognitive behavioral therapy,therapy,167377,197,367944
Group analysis,therapy,3657,11,1893
Music therapy,therapy,135020,161,32910
Habit reversal training,therapy,9395,17,13309
Cognitive processing therapy,therapy,14629,25,13937
Regulation-focused psychotherapy for children,therapy,5954,15,497
Reichian therapy,therapy,909,7,8438
Trauma-informed feminist therapy,therapy,12501,29,1547
Guided imagery,therapy,74396,156,9552
Psychodrama,therapy,21930,47,32479
Recovered-memory therapy,therapy,29302,55,31921
Remote therapy,therapy,5510,8,1125
Mindfulness-based cognitive therapy,therapy,23211,26,20213
Clinical behavior analysis,therapy,11972,31,2920
Solution-focused brief therapy,therapy,79550,49,18167
Method of levels,therapy,26782,18,2077
Eclectic psychotherapy,therapy,9692,16,3730
Chess therapy,therapy,8355,21,4229
Grief counseling,therapy,33787,54,11933
Mentalization-based treatment,therapy,9880,21,18516
Breathwork (New Age),therapy,16557,55,28953
Exposure therapy,therapy,51376,56,59475
Imago therapy,therapy,3686,5,6246
Dialectical behavior therapy,therapy,53045,80,244655
Cognitive behavioral analysis system of psychotherapy,therapy,9999,20,5899
Inner Relationship Focusing,therapy,20378,12,2776
Twelve-step program,therapy,46690,84,257964
Autogenic training,therapy,16053,43,40705
Transference-focused psychotherapy,therapy,18665,26,15256
Contemplative psychotherapy,therapy,5405,8,1560
Primal therapy,therapy,33570,78,65960
Gay affirmative psychotherapy,therapy,15478,34,3368
MDMA-assisted psychotherapy,therapy,35244,61,27481
Psychodynamic psychotherapy,therapy,23616,52,34176
Human givens,therapy,28158,37,6411
Rational living therapy,therapy,2639,11,593
Dynamic deconstructive psychotherapy,therapy,8045,16,2455
Future-oriented therapy,therapy,23369,34,1404
Animal-assisted therapy,therapy,79750,70,21767
Logic-based therapy,therapy,22486,47,3464
Multiple impact therapy,therapy,7504,5,433
Positive psychotherapy,therapy,91979,39,4238
Intensive short-term dynamic psychotherapy,therapy,45778,46,19028
Christian counseling,therapy,17823,24,4541
Multisystemic therapy,therapy,13912,12,3287
Sexual identity therapy,therapy,8736,15,776
Satitherapy,therapy,3658,15,568
Person-centered therapy,therapy,27873,24,38839
Pastoral counseling,therapy,6749,23,4118
Developmental eclecticism,therapy,6648,9,707
Biofeedback,therapy,125343,202,54904
Coherence therapy,therapy,26491,45,12994
Narrative exposure therapy,therapy,7502,8,5621
Concentrative movement therapy,therapy,10602,25,1186
Family Constellations,therapy,6961,20,52273
Forensic psychotherapy,therapy,14628,7,1903
Adventure therapy,therapy,25988,45,4005
Vegetotherapy,therapy,5741,26,9285
Art therapy,therapy,54273,60,31252
Bonding psychotherapy,therapy,861,3,469
Journal therapy,therapy,10853,18,6651
Ecological counseling,therapy,2840,10,569
Metacognitive training,therapy,13965,13,6074
Hip-hop therapy,therapy,18623,16,1153
Metaphor therapy,therapy,5086,15,1086
Primal Integration,therapy,7203,19,490
Trauma systems therapy,therapy,13568,13,962
Conversational model,therapy,6603,11,2024
Behaviour therapy,therapy,60321,92,23997
Counting method,therapy,2510,3,641
Brief psychotherapy,therapy,4373,21,3086
Feminist therapy,therapy,8691,24,2952
Attachment therapy,therapy,98682,122,59675
Systemic therapy,therapy,19990,33,12946
Progressive counting,therapy,7509,8,1365
Status dynamic psychotherapy,therapy,29244,42,507
Nordoff–Robbins music therapy,therapy,6084,25,4443
Psychotherapy and social action model,therapy,7393,13,1977
Insomnia,disorder,141800,268,295256
HIV-associated neurocognitive disorder,disorder,33495,98,11542
Nicotine withdrawal,disorder,8117,49,55337
Hoarding disorder,disorder,41029,89,95262
Haltlose personality disorder,disorder,69272,124,22658
Agoraphobia,disorder,47725,101,944022
Dysthymia,disorder,46990,101,384190
Premenstrual dysphoric disorder,disorder,63939,82,198910
Conduct disorder,disorder,64753,76,91113
Panic disorder,disorder,85797,148,97219
Other and unspecified dissociative disorders,disorder,15490,54,103242
Amnesia,disorder,56496,135,224758
Alcohol withdrawal syndrome,disorder,42314,94,183642
Atypical anorexia nervosa,disorder,29634,50,17882
Rapid eye movement sleep behavior disorder,disorder,31798,97,44262
Opioid withdrawal,disorder,34505,111,42428
Substance intoxication,disorder,10150,43,43797
Social anxiety disorder,disorder,90513,175,188855
Dissociative amnesia,disorder,27435,52,73750
Confusional arousal,disorder,18794,32,15568
Disinhibited social engagement disorder,disorder,16787,26,18879
Sleep apnea,disorder,105235,146,328657
Pathological lying,disorder,19500,44,169611
Caffeine-induced sleep disorder,disorder,15248,26,6670
Erectile dysfunction,disorder,75209,150,266182
Dissociative fugue,disorder,23230,56,219830
Cannabis use disorder,disorder,59732,151,79486
Stereotypic movement disorder,disorder,18579,36,22698
Other specified feeding or eating disorder,disorder,12505,24,13453
Sadistic personality disorder,disorder,15734,55,138678
Delusional disorder,disorder,32522,99,116596
Sleepwalking,disorder,54609,85,146138
Immature personality disorder,disorder,13240,40,25068
Postpartum psychosis,disorder,109960,178,288643
Postpartum depression,disorder,161084,158,230154
Hallucinogen persisting perception disorder,disorder,52848,96,214424
Alcoholic hallucinosis,disorder,7099,24,31985
Chronic traumatic encephalopathy,disorder,99455,206,883755
Nonverbal learning disorder,disorder,23388,35,41063
Kleptomania,disorder,33380,70,114249
Shift work sleep disorder,disorder,42947,91,28825
Body integrity dysphoria,disorder,23501,72,94358
Dyslexia,disorder,87266,136,641837
Psychosis,disorder,156706,385,725552
Schizoaffective disorder,disorder,94041,203,373428
Erotic target location error,disorder,8870,28,25766
Autism,disorder,221946,334,1459626
Avoidant/restrictive food intake disorder,disorder,38813,75,214558
Dissociative identity disorder,disorder,134395,249,846169
Body dysmorphic disorder,disorder,43651,73,448352
Sexual sadism disorder,disorder,17422,52,185814
Culture-bound syndrome,disorder,32929,109,87056
Brief psychotic disorder,disorder,15320,42,34608
Schizoid personality disorder,disorder,166233,246,447004
Premature ejaculation,disorder,46593,83,206352
Excoriation disorder,disorder,48486,84,114450
Trichotillomania,disorder,45954,105,251533
Down syndrome,disorder,163403,386,815904
Bipolar I disorder,disorder,38867,128,99652
Frontotemporal dementia,disorder,118697,228,535099
Alzheimer's disease,disorder,216646,472,794209
Olfactory reference syndrome,disorder,41909,126,22244
Nightmare disorder,disorder,33348,64,34087
Delayed ejaculation,disorder,28681,68,81310
Recurrent brief depression,disorder,6727,32,13541
Diabulimia,disorder,24391,79,8466
Circadian rhythm sleep disorder,disorder,28230,53,47084
Pica (disorder),disorder,39650,86,333900
Avoidant personality disorder,disorder,45648,122,340303
Attenuated psychosis syndrome,disorder,2655,5,5735
Prolonged grief disorder,disorder,58087,62,41597
Exploding head syndrome,disorder,18547,64,181633
Vaginismus,disorder,28212,66,170394
Generalized anxiety disorder,disorder,104748,187,215670
Night terror,disorder,29673,80,117276
Orthorexia nervosa,disorder,29906,45,92615
Auditory processing disorder,disorder,78771,107,79734
Cocaine intoxication,disorder,37836,90,22737
Substance-induced psychosis,disorder,46275,130,45302
Stuttering,disorder,67118,133,182250
Functional neurological symptom disorder,disorder,23378,49,126158
Dementia,disorder,206686,408,458343
Somatic symptom disorder,disorder,48133,172,111899
Rumination syndrome,disorder,31686,46,26082
Folie à deux,disorder,38958,101,274214
Hypochondria,disorder,32381,72,99461
Video game addiction,disorder,126803,160,66239
Catatonia,disorder,70640,130,447242
Factitious disorder imposed on self,disorder,41874,85,216527
Nicotine poisoning,disorder,24015,70,63349
Alcoholism,disorder,168873,308,373400
Selective mutism,disorder,38257,50,224677
Vascular dementia,disorder,25447,108,133856
Intermittent explosive disorder,disorder,30111,102,145980
Transvestic disorder,disorder,5158,18,25291
Delirium,disorder,104174,171,190596
Histrionic personality disorder,disorder,58847,135,435941
Caffeine dependence,disorder,25094,46,40782
Sexual dysfunction,disorder,60023,178,99970
Psychotic depression,disorder,31118,59,75203
Parkinson's disease,disorder,146925,398,1123721
Aphasia,disorder,102008,121,468323
Sexual addiction,disorder,80528,142,165002
Pervasive developmental disorder,disorder,14680,30,50376
Major depressive disorder,disorder,223523,371,632361
Problematic social media use,disorder,53846,59,35373
Hypomania,disorder,22459,89,153485
Oppositional defiant disorder,disorder,57947,109,198734
Pyromania,disorder,23477,72,81952
Mood disorder,disorder,67146,158,106519
Binge eating disorder,disorder,65589,115,85806
Dysgraphia,disorder,37172,59,162030
Attention deficit hyperactivity disorder,disorder,296180,331,1455571
Tic disorder,disorder,14492,29,52814
Persistent genital arousal disorder,disorder,18628,41,89454
Night eating syndrome,disorder,21787,35,15514
Drug withdrawal,disorder,13209,67,78563
Exercise addiction,disorder,24230,55,8186
Mixed affective state,disorder,18878,64,36691
Narcissistic personality disorder,disorder,116086,210,870305
Paraphrenia,disorder,18095,48,25720
Intellectual disability,disorder,123571,291,409857
Sexual arousal disorder,disorder,9088,35,13521
Nicotine dependence,disorder,46212,91,23682
Post-traumatic embitterment disorder,disorder,38529,95,27326
Traumatic brain injury,disorder,152170,289,171840
Addictive personality,disorder,47338,72,36748
Self-defeating personality disorder,disorder,11093,38,42849
Obsessive–compulsive personality disorder,disorder,74608,105,191928
Gender dysphoria,disorder,120601,133,355497
Primarily obsessional obsessive–compulsive disorder,disorder,30586,39,93744
Mania,disorder,53220,156,257168
Jet lag,disorder,46220,95,86597
Substance-related disorder,disorder,11567,34,6967
Factitious disorder imposed on another,disorder,64831,102,291535
Encopresis,disorder,15616,29,28725
Antisocial personality disorder,disorder,135544,166,712257
Dependent personality disorder,disorder,36923,76,109301
Paranoid personality disorder,disorder,36845,109,124028
Problem gambling,disorder,68824,108,174393
Transmissible spongiform encephalopathy,disorder,71284,158,372910
Language disorder,disorder,30490,38,22526
Caffeine-induced anxiety disorder,disorder,31116,70,30383
Hallucinogen-induced psychotic disorder,disorder,23120,61,4248
Pornography addiction,disorder,95180,141,641095
Complex post-traumatic stress disorder,disorder,74520,130,395757
Frotteurism,disorder,11616,33,125594
Food addiction,disorder,27674,101,33628
Cannabis-induced psychotic disorder,disorder,23908,43,2778
Speech sound disorder,disorder,20091,75,48075
Bulimia,disorder,81481,113,110177
Restless legs syndrome,disorder,78978,150,283625
Anorgasmia,disorder,21487,70,115690
Dyspareunia,disorder,27737,84,88676
Schizophreniform disorder,disorder,11523,66,42850
Internet addiction disorder,disorder,115905,148,71002
Schizotypal personality disorder,disorder,164593,209,322680
Huntington's disease,disorder,150964,371,803520
Bipolar disorder not otherwise specified,disorder,8989,31,10813
Cataplexy,disorder,23462,101,118111
Non-24-hour sleep–wake disorder,disorder,55331,96,67221
Post-traumatic stress disorder,disorder,223126,305,513241
Anorexia,disorder,177513,352,88410
Delusional misidentification syndrome,disorder,7477,29,28709
Sensory processing disorder,disorder,59718,99,127653
Acute stress reaction,disorder,24454,66,71119
Substance dependence,disorder,63269,169,78305
Pedophilia,disorder,112886,146,1263288
Sexual fetishism,disorder,40429,130,504270
Advanced sleep phase disorder,disorder,22108,44,13405
Nocturnal enuresis,disorder,56581,78,88377
Tourette syndrome,disorder,140241,264,906215
Communication disorder,disorder,25491,78,23915
Sleep-related hallucination,disorder,260,3,542
Purging disorder,disorder,10800,19,21992
Narcolepsy,disorder,78706,183,398861
Bipolar II disorder,disorder,84553,199,301676
Borderline personality disorder,disorder,181074,316,1400661
Voyeurism,disorder,39714,122,609334
Developmental coordination disorder,disorder,76946,110,224209
Cyclothymia,disorder,26358,56,192200
Reactive attachment disorder,disorder,79382,94,95833
Social (pragmatic) communication disorder,disorder,18821,58,32985
Irregular sleep–wake rhythm disorder,disorder,13502,32,7499
Stimulant psychosis,disorder,28037,82,92272
Phantom limb,disorder,40657,79,41339
Specific phobia,disorder,24556,51,32924
Other and unspecified personality disorders,disorder,9885,32,12994
Obsessive–compulsive disorder,disorder,181730,347,866966
Schizophrenia,disorder,191760,407,1227845
Delayed sleep phase disorder,disorder,68351,108,131934
Separation anxiety disorder,disorder,57434,61,36498
Psychogenic non-epileptic seizure,disorder,52942,84,42791
Passive–aggressive personality disorder,disorder,15664,48,44524
Organic personality disorder,disorder,13358,58,38856
Depersonalization-derealization disorder,disorder,66798,148,404686
Cocaine dependence,disorder,33673,96,32442
Depressive personality disorder,disorder,10905,46,21820
Female sexual arousal disorder,disorder,21506,31,41976
Hypoactive sexual desire disorder,disorder,39160,66,100611
Kleine–Levin syndrome,disorder,25791,72,71014
Unspecified feeding or eating disorder,disorder,5689,16,2442
Hypersomnia,disorder,37338,107,133074
Disruptive mood dysregulation disorder,disorder,45897,73,46000
Idiopathic hypersomnia,disorder,53097,123,53126
Enuresis,disorder,30580,48,56963
Bipolar disorder,disorder,200235,361,1127187
Dementia with Lewy bodies,disorder,136593,297,423978
Central hypoventilation syndrome,disorder,17942,58,36538
Ganser syndrome,disorder,20481,54,36042
Adjustment disorder,disorder,22325,27,102814
Caffeine withdrawal,disorder,6498,30,25653
Dyscalculia,disorder,54617,70,288192
Exhibitionism,disorder,27820,86,468014
Opioid overdose,disorder,56529,157,52859
Shopping addiction,disorder,33595,46,11712
Other specified paraphilic disorder,disorder,3133,17,13000
Agnosia,disorder,30463,74,66277
